"filename", "language", "YAML", "JSON", "C++", "CMake", "Swift", "Markdown", "XML", "Dart", "Properties", "HTML", "comment", "blank", "total"
"d:\mini Apps\demo_proj\README.md", "Markdown", 0, 0, 0, 0, 0, 15, 0, 0, 0, 0, 0, 7, 22
"d:\mini Apps\demo_proj\analysis_options.yaml", "YAML", 3, 0, 0, 0, 0, 0, 0, 0, 0, 0, 22, 4, 29
"d:\mini Apps\demo_proj\android\app\google-services.json", "JSON", 0, 29, 0, 0, 0, 0, 0, 0, 0, 0, 0, 0, 29
"d:\mini Apps\demo_proj\android\app\src\debug\AndroidManifest.xml", "XML", 0, 0, 0, 0, 0, 0, 3, 0, 0, 0, 4, 1, 8
"d:\mini Apps\demo_proj\android\app\src\main\AndroidManifest.xml", "XML", 0, 0, 0, 0, 0, 0, 34, 0, 0, 0, 11, 1, 46
"d:\mini Apps\demo_proj\android\app\src\main\res\drawable-v21\launch_background.xml", "XML", 0, 0, 0, 0, 0, 0, 4, 0, 0, 0, 7, 2, 13
"d:\mini Apps\demo_proj\android\app\src\main\res\drawable\launch_background.xml", "XML", 0, 0, 0, 0, 0, 0, 4, 0, 0, 0, 7, 2, 13
"d:\mini Apps\demo_proj\android\app\src\main\res\values-night\styles.xml", "XML", 0, 0, 0, 0, 0, 0, 9, 0, 0, 0, 9, 1, 19
"d:\mini Apps\demo_proj\android\app\src\main\res\values\styles.xml", "XML", 0, 0, 0, 0, 0, 0, 9, 0, 0, 0, 9, 1, 19
"d:\mini Apps\demo_proj\android\app\src\profile\AndroidManifest.xml", "XML", 0, 0, 0, 0, 0, 0, 3, 0, 0, 0, 4, 1, 8
"d:\mini Apps\demo_proj\android\gradle.properties", "Properties", 0, 0, 0, 0, 0, 0, 0, 0, 3, 0, 0, 1, 4
"d:\mini Apps\demo_proj\android\gradle\wrapper\gradle-wrapper.properties", "Properties", 0, 0, 0, 0, 0, 0, 0, 0, 5, 0, 0, 1, 6
"d:\mini Apps\demo_proj\assets\animations\plant_loading.json", "JSON", 0, 1, 0, 0, 0, 0, 0, 0, 0, 0, 0, 0, 1
"d:\mini Apps\demo_proj\devtools_options.yaml", "YAML", 3, 0, 0, 0, 0, 0, 0, 0, 0, 0, 0, 1, 4
"d:\mini Apps\demo_proj\firebase.json", "JSON", 0, 1, 0, 0, 0, 0, 0, 0, 0, 0, 0, 0, 1
"d:\mini Apps\demo_proj\ios\RunnerTests\RunnerTests.swift", "Swift", 0, 0, 0, 0, 7, 0, 0, 0, 0, 0, 2, 4, 13
"d:\mini Apps\demo_proj\ios\Runner\AppDelegate.swift", "Swift", 0, 0, 0, 0, 12, 0, 0, 0, 0, 0, 0, 2, 14
"d:\mini Apps\demo_proj\ios\Runner\Assets.xcassets\AppIcon.appiconset\Contents.json", "JSON", 0, 122, 0, 0, 0, 0, 0, 0, 0, 0, 0, 1, 123
"d:\mini Apps\demo_proj\ios\Runner\Assets.xcassets\LaunchImage.imageset\Contents.json", "JSON", 0, 23, 0, 0, 0, 0, 0, 0, 0, 0, 0, 1, 24
"d:\mini Apps\demo_proj\ios\Runner\Assets.xcassets\LaunchImage.imageset\README.md", "Markdown", 0, 0, 0, 0, 0, 3, 0, 0, 0, 0, 0, 2, 5
"d:\mini Apps\demo_proj\ios\Runner\Base.lproj\LaunchScreen.storyboard", "XML", 0, 0, 0, 0, 0, 0, 36, 0, 0, 0, 1, 1, 38
"d:\mini Apps\demo_proj\ios\Runner\Base.lproj\Main.storyboard", "XML", 0, 0, 0, 0, 0, 0, 25, 0, 0, 0, 1, 1, 27
"d:\mini Apps\demo_proj\ios\Runner\Runner-Bridging-Header.h", "C++", 0, 0, 1, 0, 0, 0, 0, 0, 0, 0, 0, 1, 2
"d:\mini Apps\demo_proj\lib\app.dart", "Dart", 0, 0, 0, 0, 0, 0, 0, 9, 0, 0, 0, 3, 12
"d:\mini Apps\demo_proj\lib\core\exception\app_exception.dart", "Dart", 0, 0, 0, 0, 0, 0, 0, 6, 0, 0, 0, 3, 9
"d:\mini Apps\demo_proj\lib\core\exception\firebase_exception.dart", "Dart", 0, 0, 0, 0, 0, 0, 0, 25, 0, 0, 0, 10, 35
"d:\mini Apps\demo_proj\lib\core\exception\network_exception.dart", "Dart", 0, 0, 0, 0, 0, 0, 0, 7, 0, 0, 0, 3, 10
"d:\mini Apps\demo_proj\lib\core\services\shared_ref.dart", "Dart", 0, 0, 0, 0, 0, 0, 0, 12, 0, 0, 0, 5, 17
"d:\mini Apps\demo_proj\lib\core\utils\enum\auth_status.dart", "Dart", 0, 0, 0, 0, 0, 0, 0, 1, 0, 0, 0, 1, 2
"d:\mini Apps\demo_proj\lib\core\utils\flush\app_flushbar.dart", "Dart", 0, 0, 0, 0, 0, 0, 0, 27, 0, 0, 0, 3, 30
"d:\mini Apps\demo_proj\lib\core\utils\utils\images\app_images.dart", "Dart", 0, 0, 0, 0, 0, 0, 0, 6, 0, 0, 1, 1, 8
"d:\mini Apps\demo_proj\lib\features\auth\controller\auth_controller.dart", "Dart", 0, 0, 0, 0, 0, 0, 0, 155, 0, 0, 11, 15, 181
"d:\mini Apps\demo_proj\lib\features\auth\controller\controller.onboarding\onBoard_controller.dart", "Dart", 0, 0, 0, 0, 0, 0, 0, 43, 0, 0, 3, 13, 59
"d:\mini Apps\demo_proj\lib\features\auth\repository\auth_repo.dart", "Dart", 0, 0, 0, 0, 0, 0, 0, 40, 0, 0, 9, 10, 59
"d:\mini Apps\demo_proj\lib\features\auth\repository\share_pref_repo.dart", "Dart", 0, 0, 0, 0, 0, 0, 0, 11, 0, 0, 0, 3, 14
"d:\mini Apps\demo_proj\lib\features\auth\screen\cart\cart_screen.dart", "Dart", 0, 0, 0, 0, 0, 0, 0, 166, 0, 0, 0, 13, 179
"d:\mini Apps\demo_proj\lib\features\auth\screen\checkout\check_out_screen.dart", "Dart", 0, 0, 0, 0, 0, 0, 0, 168, 0, 0, 0, 17, 185
"d:\mini Apps\demo_proj\lib\features\auth\screen\confirmScreen\orderConfirmationScreen.dart", "Dart", 0, 0, 0, 0, 0, 0, 0, 95, 0, 0, 0, 5, 100
"d:\mini Apps\demo_proj\lib\features\auth\screen\detailScreen\product.detail.Screen.dart", "Dart", 0, 0, 0, 0, 0, 0, 0, 160, 0, 0, 0, 4, 164
"d:\mini Apps\demo_proj\lib\features\auth\screen\detailScreen\widgets\info_item.dart", "Dart", 0, 0, 0, 0, 0, 0, 0, 42, 0, 0, 0, 3, 45
"d:\mini Apps\demo_proj\lib\features\auth\screen\forget\forget_screen.dart", "Dart", 0, 0, 0, 0, 0, 0, 0, 18, 0, 0, 0, 4, 22
"d:\mini Apps\demo_proj\lib\features\auth\screen\forget\widget\green_container.dart", "Dart", 0, 0, 0, 0, 0, 0, 0, 40, 0, 0, 0, 5, 45
"d:\mini Apps\demo_proj\lib\features\auth\screen\forget\widget\white_container.dart", "Dart", 0, 0, 0, 0, 0, 0, 0, 125, 0, 0, 1, 17, 143
"d:\mini Apps\demo_proj\lib\features\auth\screen\home\controller\category_controller.dart", "Dart", 0, 0, 0, 0, 0, 0, 0, 32, 0, 0, 1, 9, 42
"d:\mini Apps\demo_proj\lib\features\auth\screen\home\controller\home_controller.dart", "Dart", 0, 0, 0, 0, 0, 0, 0, 43, 0, 0, 5, 9, 57
"d:\mini Apps\demo_proj\lib\features\auth\screen\home\controller\order_controller.dart", "Dart", 0, 0, 0, 0, 0, 0, 0, 37, 0, 0, 0, 9, 46
"d:\mini Apps\demo_proj\lib\features\auth\screen\home\home_page.dart", "Dart", 0, 0, 0, 0, 0, 0, 0, 175, 0, 0, 1, 12, 188
"d:\mini Apps\demo_proj\lib\features\auth\screen\home\model\categoy_model.dart", "Dart", 0, 0, 0, 0, 0, 0, 0, 23, 0, 0, 0, 2, 25
"d:\mini Apps\demo_proj\lib\features\auth\screen\home\model\order_model.dart", "Dart", 0, 0, 0, 0, 0, 0, 0, 58, 0, 0, 0, 3, 61
"d:\mini Apps\demo_proj\lib\features\auth\screen\home\model\product_model.dart", "Dart", 0, 0, 0, 0, 0, 0, 0, 89, 0, 0, 0, 8, 97
"d:\mini Apps\demo_proj\lib\features\auth\screen\home\repository\category_repository.dart", "Dart", 0, 0, 0, 0, 0, 0, 0, 7, 0, 0, 0, 2, 9
"d:\mini Apps\demo_proj\lib\features\auth\screen\home\repository\order_repository.dart", "Dart", 0, 0, 0, 0, 0, 0, 0, 12, 0, 0, 0, 5, 17
"d:\mini Apps\demo_proj\lib\features\auth\screen\home\repository\product_repository.dart", "Dart", 0, 0, 0, 0, 0, 0, 0, 9, 0, 0, 0, 2, 11
"d:\mini Apps\demo_proj\lib\features\auth\screen\home\services\category_service.dart", "Dart", 0, 0, 0, 0, 0, 0, 0, 17, 0, 0, 0, 3, 20
"d:\mini Apps\demo_proj\lib\features\auth\screen\home\services\firestore_services.dart", "Dart", 0, 0, 0, 0, 0, 0, 0, 17, 0, 0, 0, 2, 19
"d:\mini Apps\demo_proj\lib\features\auth\screen\home\services\order_service.dart", "Dart", 0, 0, 0, 0, 0, 0, 0, 47, 0, 0, 2, 5, 54
"d:\mini Apps\demo_proj\lib\features\auth\screen\home\widget\category_card.dart", "Dart", 0, 0, 0, 0, 0, 0, 0, 57, 0, 0, 0, 3, 60
"d:\mini Apps\demo_proj\lib\features\auth\screen\home\widget\product_card.dart", "Dart", 0, 0, 0, 0, 0, 0, 0, 89, 0, 0, 0, 4, 93
"d:\mini Apps\demo_proj\lib\features\auth\screen\home\widget\shimmer_grid.dart", "Dart", 0, 0, 0, 0, 0, 0, 0, 21, 0, 0, 0, 3, 24
"d:\mini Apps\demo_proj\lib\features\auth\screen\home\widget\shimmer_product_card.dart", "Dart", 0, 0, 0, 0, 0, 0, 0, 57, 0, 0, 0, 9, 66
"d:\mini Apps\demo_proj\lib\features\auth\screen\login\login_screen.dart", "Dart", 0, 0, 0, 0, 0, 0, 0, 18, 0, 0, 0, 4, 22
"d:\mini Apps\demo_proj\lib\features\auth\screen\login\widget\custom_field.dart", "Dart", 0, 0, 0, 0, 0, 0, 0, 54, 0, 0, 0, 13, 67
"d:\mini Apps\demo_proj\lib\features\auth\screen\login\widget\green_container.dart", "Dart", 0, 0, 0, 0, 0, 0, 0, 40, 0, 0, 0, 3, 43
"d:\mini Apps\demo_proj\lib\features\auth\screen\login\widget\white_container.dart", "Dart", 0, 0, 0, 0, 0, 0, 0, 204, 0, 0, 7, 22, 233
"d:\mini Apps\demo_proj\lib\features\auth\screen\onboarding\onBoard.dart", "Dart", 0, 0, 0, 0, 0, 0, 0, 52, 0, 0, 0, 6, 58
"d:\mini Apps\demo_proj\lib\features\auth\screen\onboarding\widget\next_button.dart", "Dart", 0, 0, 0, 0, 0, 0, 0, 64, 0, 0, 0, 4, 68
"d:\mini Apps\demo_proj\lib\features\auth\screen\onboarding\widget\onBoard.page.dart", "Dart", 0, 0, 0, 0, 0, 0, 0, 33, 0, 0, 0, 3, 36
"d:\mini Apps\demo_proj\lib\features\auth\screen\onboarding\widget\skip_button.dart", "Dart", 0, 0, 0, 0, 0, 0, 0, 19, 0, 0, 0, 4, 23
"d:\mini Apps\demo_proj\lib\features\auth\screen\onboarding\widget\smoth_page_ind.dart", "Dart", 0, 0, 0, 0, 0, 0, 0, 20, 0, 0, 0, 3, 23
"d:\mini Apps\demo_proj\lib\features\auth\screen\orders\orders_screen.dart", "Dart", 0, 0, 0, 0, 0, 0, 0, 142, 0, 0, 2, 20, 164
"d:\mini Apps\demo_proj\lib\features\auth\screen\otp_page\otp_page.dart", "Dart", 0, 0, 0, 0, 0, 0, 0, 18, 0, 0, 0, 3, 21
"d:\mini Apps\demo_proj\lib\features\auth\screen\otp_page\widget\otp_green_container.dart", "Dart", 0, 0, 0, 0, 0, 0, 0, 40, 0, 0, 0, 3, 43
"d:\mini Apps\demo_proj\lib\features\auth\screen\otp_page\widget\otp_white_container.dart", "Dart", 0, 0, 0, 0, 0, 0, 0, 73, 0, 0, 1, 14, 88
"d:\mini Apps\demo_proj\lib\features\auth\screen\profile\profile_page.dart", "Dart", 0, 0, 0, 0, 0, 0, 0, 75, 0, 0, 2, 16, 93
"d:\mini Apps\demo_proj\lib\features\auth\screen\profile\widgets\profile_header.dart", "Dart", 0, 0, 0, 0, 0, 0, 0, 25, 0, 0, 0, 7, 32
"d:\mini Apps\demo_proj\lib\features\auth\screen\profile\widgets\profile_tile.dart", "Dart", 0, 0, 0, 0, 0, 0, 0, 36, 0, 0, 0, 8, 44
"d:\mini Apps\demo_proj\lib\features\auth\screen\signup\signup_page.dart", "Dart", 0, 0, 0, 0, 0, 0, 0, 19, 0, 0, 0, 4, 23
"d:\mini Apps\demo_proj\lib\features\auth\screen\signup\widgets\siginup_white_container.dart", "Dart", 0, 0, 0, 0, 0, 0, 0, 212, 0, 0, 4, 25, 241
"d:\mini Apps\demo_proj\lib\features\auth\screen\signup\widgets\signup_green_container.dart", "Dart", 0, 0, 0, 0, 0, 0, 0, 40, 0, 0, 0, 3, 43
"d:\mini Apps\demo_proj\lib\features\auth\screen\splash\splash_screen.dart", "Dart", 0, 0, 0, 0, 0, 0, 0, 62, 0, 0, 7, 17, 86
"d:\mini Apps\demo_proj\lib\features\auth\screen\splash\widgets\splash_body.dart", "Dart", 0, 0, 0, 0, 0, 0, 0, 37, 0, 0, 0, 8, 45
"d:\mini Apps\demo_proj\lib\features\auth\screen\verification\verify_email.dart", "Dart", 0, 0, 0, 0, 0, 0, 0, 19, 0, 0, 0, 4, 23
"d:\mini Apps\demo_proj\lib\features\auth\screen\verification\widgets\verify_green_container.dart", "Dart", 0, 0, 0, 0, 0, 0, 0, 41, 0, 0, 0, 6, 47
"d:\mini Apps\demo_proj\lib\features\auth\screen\verification\widgets\verify_white_container.dart", "Dart", 0, 0, 0, 0, 0, 0, 0, 150, 0, 0, 7, 14, 171
"d:\mini Apps\demo_proj\lib\features\auth\services\auth_services.dart", "Dart", 0, 0, 0, 0, 0, 0, 0, 101, 0, 0, 9, 12, 122
"d:\mini Apps\demo_proj\lib\features\data\models\cart\cart_model.dart", "Dart", 0, 0, 0, 0, 0, 0, 0, 43, 0, 0, 0, 15, 58
"d:\mini Apps\demo_proj\lib\features\data\models\product\product_model.dart", "Dart", 0, 0, 0, 0, 0, 0, 0, 90, 0, 0, 0, 9, 99
"d:\mini Apps\demo_proj\lib\firebase_options.dart", "Dart", 0, 0, 0, 0, 0, 0, 0, 53, 0, 0, 12, 3, 68
"d:\mini Apps\demo_proj\lib\main.dart", "Dart", 0, 0, 0, 0, 0, 0, 0, 74, 0, 0, 8, 14, 96
"d:\mini Apps\demo_proj\linux\CMakeLists.txt", "CMake", 0, 0, 0, 104, 0, 0, 0, 0, 0, 0, 0, 25, 129
"d:\mini Apps\demo_proj\linux\flutter\CMakeLists.txt", "CMake", 0, 0, 0, 79, 0, 0, 0, 0, 0, 0, 0, 10, 89
"d:\mini Apps\demo_proj\linux\flutter\generated_plugin_registrant.cc", "C++", 0, 0, 7, 0, 0, 0, 0, 0, 0, 0, 4, 5, 16
"d:\mini Apps\demo_proj\linux\flutter\generated_plugin_registrant.h", "C++", 0, 0, 5, 0, 0, 0, 0, 0, 0, 0, 5, 6, 16
"d:\mini Apps\demo_proj\linux\flutter\generated_plugins.cmake", "CMake", 0, 0, 0, 19, 0, 0, 0, 0, 0, 0, 0, 6, 25
"d:\mini Apps\demo_proj\linux\runner\CMakeLists.txt", "CMake", 0, 0, 0, 21, 0, 0, 0, 0, 0, 0, 0, 6, 27
"d:\mini Apps\demo_proj\linux\runner\main.cc", "C++", 0, 0, 5, 0, 0, 0, 0, 0, 0, 0, 0, 2, 7
"d:\mini Apps\demo_proj\linux\runner\my_application.cc", "C++", 0, 0, 91, 0, 0, 0, 0, 0, 0, 0, 25, 29, 145
"d:\mini Apps\demo_proj\linux\runner\my_application.h", "C++", 0, 0, 7, 0, 0, 0, 0, 0, 0, 0, 7, 5, 19
"d:\mini Apps\demo_proj\macos\Flutter\GeneratedPluginRegistrant.swift", "Swift", 0, 0, 0, 0, 14, 0, 0, 0, 0, 0, 3, 4, 21
"d:\mini Apps\demo_proj\macos\RunnerTests\RunnerTests.swift", "Swift", 0, 0, 0, 0, 7, 0, 0, 0, 0, 0, 2, 4, 13
"d:\mini Apps\demo_proj\macos\Runner\AppDelegate.swift", "Swift", 0, 0, 0, 0, 11, 0, 0, 0, 0, 0, 0, 3, 14
"d:\mini Apps\demo_proj\macos\Runner\Assets.xcassets\AppIcon.appiconset\Contents.json", "JSON", 0, 68, 0, 0, 0, 0, 0, 0, 0, 0, 0, 1, 69
"d:\mini Apps\demo_proj\macos\Runner\Base.lproj\MainMenu.xib", "XML", 0, 0, 0, 0, 0, 0, 343, 0, 0, 0, 0, 1, 344
"d:\mini Apps\demo_proj\macos\Runner\MainFlutterWindow.swift", "Swift", 0, 0, 0, 0, 12, 0, 0, 0, 0, 0, 0, 4, 16
"d:\mini Apps\demo_proj\pubspec.yaml", "YAML", 34, 0, 0, 0, 0, 0, 0, 0, 0, 0, 57, 14, 105
"d:\mini Apps\demo_proj\test\widget_test.dart", "Dart", 0, 0, 0, 0, 0, 0, 0, 14, 0, 0, 10, 6, 30
"d:\mini Apps\demo_proj\web\index.html", "HTML", 0, 0, 0, 0, 0, 0, 0, 0, 0, 19, 15, 5, 39
"d:\mini Apps\demo_proj\web\manifest.json", "JSON", 0, 35, 0, 0, 0, 0, 0, 0, 0, 0, 0, 1, 36
"d:\mini Apps\demo_proj\windows\CMakeLists.txt", "CMake", 0, 0, 0, 89, 0, 0, 0, 0, 0, 0, 0, 20, 109
"d:\mini Apps\demo_proj\windows\flutter\CMakeLists.txt", "CMake", 0, 0, 0, 98, 0, 0, 0, 0, 0, 0, 0, 12, 110
"d:\mini Apps\demo_proj\windows\flutter\generated_plugin_registrant.cc", "C++", 0, 0, 15, 0, 0, 0, 0, 0, 0, 0, 4, 5, 24
"d:\mini Apps\demo_proj\windows\flutter\generated_plugin_registrant.h", "C++", 0, 0, 5, 0, 0, 0, 0, 0, 0, 0, 5, 6, 16
"d:\mini Apps\demo_proj\windows\flutter\generated_plugins.cmake", "CMake", 0, 0, 0, 22, 0, 0, 0, 0, 0, 0, 0, 6, 28
"d:\mini Apps\demo_proj\windows\runner\CMakeLists.txt", "CMake", 0, 0, 0, 34, 0, 0, 0, 0, 0, 0, 0, 7, 41
"d:\mini Apps\demo_proj\windows\runner\flutter_window.cpp", "C++", 0, 0, 49, 0, 0, 0, 0, 0, 0, 0, 7, 16, 72
"d:\mini Apps\demo_proj\windows\runner\flutter_window.h", "C++", 0, 0, 20, 0, 0, 0, 0, 0, 0, 0, 5, 9, 34
"d:\mini Apps\demo_proj\windows\runner\main.cpp", "C++", 0, 0, 30, 0, 0, 0, 0, 0, 0, 0, 4, 10, 44
"d:\mini Apps\demo_proj\windows\runner\resource.h", "C++", 0, 0, 9, 0, 0, 0, 0, 0, 0, 0, 6, 2, 17
"d:\mini Apps\demo_proj\windows\runner\utils.cpp", "C++", 0, 0, 54, 0, 0, 0, 0, 0, 0, 0, 2, 10, 66
"d:\mini Apps\demo_proj\windows\runner\utils.h", "C++", 0, 0, 8, 0, 0, 0, 0, 0, 0, 0, 6, 6, 20
"d:\mini Apps\demo_proj\windows\runner\win32_window.cpp", "C++", 0, 0, 210, 0, 0, 0, 0, 0, 0, 0, 24, 55, 289
"d:\mini Apps\demo_proj\windows\runner\win32_window.h", "C++", 0, 0, 48, 0, 0, 0, 0, 0, 0, 0, 31, 24, 103
"Total", "-", 40, 279, 564, 466, 63, 18, 470, 3814, 8, 19, 392, 856, 6989